,Ligand ID,Isomer,Label ID,HOMO-LUMO gap (Eh),Metal center charge,Final single point energy (Eh),log P,G parameter,Atom count,Decoded SMILES,Connection IDs,Encoded SMILES,Coordination environment,Denticity,tmp_lab,sampling_region
4443,uncond_bi-min10k-4640,0,4530,0.153909,-0.0148355870354623,-2553.493406137562,3.191300000000002,44.278211045678816,29,C1=CCC2(CC1)SCC1CSCC12,"[6, 10]",C1=CCC2(CC1)C1CS3->[Ir]<-S2CC1C3,"['S([C])([C])', 'S([C])([C])']",1,uncond_bi-min10k-4640-cis,Low metal center charge
3204,uncond_bi-min10k-3170,0,3280,0.16386,0.094673485684127,-2240.36845384961,1.3886999999999996,39.67849753302563,27,CC(C)C1(P)N=CN(C)C1P,"[4, 10]",CC(C)C12N=CN(C)C1P->[Ir]<-P2,"['P([C])', 'P([C])']",1,uncond_bi-min10k-3170-cis,High HOMO-LUMO gap (eV)
6758,uncond_bi-min10k-8897,1,6868,0.1163889999999999,0.2876637488892916,-1735.693477983726,2.66584,46.12446283622474,34,Cc1c[nH]c(-c2c(C)cccc2-c2nc(N)c[nH]2)n1,"[13, 18]",Cc1cccc2c1-c1[nH]cc(C)n1->[Ir]<-n1c(N)c[nH]c1-2,"['N([C])([C])', 'N([C])([C])']",1,uncond_bi-min10k-8897-trans,Center
6534,uncond_bi-min10k-8190,1,6641,0.1364039999999999,0.4233749402079753,-1668.925174159319,3.551140000000002,43.80073213433073,34,Cc1cccc(-n2nccc2-c2ccccn2)c1C,"[6, 16]",Cc1cccc(-n23->[Ir]<-n4ccccc4-c2ccn3)c1C,"['N([C])([C])', 'N([C])([C])([N])']",1,uncond_bi-min10k-8190-trans,High metal center charge
2431,uncond_bi-min10k-2220,1,2489,0.119554,0.3068840481237809,-1583.560040084079,1.7745,41.51679134171574,26,C#CC(=O)N(c1ccccn1)c1ccccn1,"[10, 16]",C#CC(=O)N1c2ccccn2->[Ir]<-n2ccccc21,"['N([C])([C])', 'N([C])([C])']",1,uncond_bi-min10k-2220-trans,Center
1862,uncond_bi-min10k-1613,0,1918,0.143557,0.0674199764979464,-1968.939820920885,2.8150000000000013,36.781792137513925,24,Nc1cccnc1Sc1ccccc1,"[0, 7]",c1ccc(S2->[Ir]<-Nc3cccnc32)cc1,"['N([C])', 'S([C])([C])']",1,uncond_bi-min10k-1613-cis,Low metal center charge
1642,uncond_bi-min10k-1378,0,1691,0.079652,0.3230728310404282,-1471.09088836883,1.4132,33.996498487983445,23,O=C(c1ccccn1)c1cnccc1O,"[0, 7]",Oc1ccncc1C1=O->[Ir]<-n2ccccc21,"['N([C])([C])', 'O([C])']",1,uncond_bi-min10k-1378-cis,Low HOMO-LUMO gap (eV)
2776,uncond_bi-min10k-2676,1,2844,0.153085,0.0118714066757317,-2733.029793548074,3.9547000000000025,41.81123667038039,26,CSc1cccnc1Sc1ccccc1,"[1, 8]",CS1->[Ir]<-S(c2ccccc2)c2ncccc21,"['S([C])([C])', 'S([C])([C])']",1,uncond_bi-min10k-2676-trans,Low metal center charge
662,uncond_bi-min10k-516,1,683,0.071229,0.3319865209691039,-1930.085548898821,2.3741000000000003,34.58538914531275,20,O=C(c1ccccn1)c1cccs1,"[0, 7]",c1csc(C2=O->[Ir]<-n3ccccc32)c1,"['N([C])([C])', 'O([C])']",1,uncond_bi-min10k-516-trans,Low HOMO-LUMO gap (eV)
1922,uncond_bi-min10k-1667,1,1978,0.120554,0.304588164832947,-1802.374137076267,2.5074,38.50867420022283,24,FC(F)(F)Cn1nccc1-c1ccccn1,"[5, 15]",FC(F)(F)Cn12->[Ir]<-n3ccccc3-c1ccn2,"['N([C])([C])', 'N([C])([C])([N])']",1,uncond_bi-min10k-1667-trans,Center
5029,uncond_bi-min10k-5454,0,5128,0.087341,0.3361824501731559,-6660.842895508271,3.110900000000001,34.672926945726566,30,Brc1ccc(N2CCN=C2c2ccccn2)cc1,"[8, 15]",Brc1ccc(N2CCN3->[Ir]<-n4ccccc4C=32)cc1,"['N([C])([C])', 'N([C])([C])']",1,uncond_bi-min10k-5454-cis,Low HOMO-LUMO gap (eV)
3693,uncond_bi-min10k-3773,1,3774,0.1231269999999999,0.2311702888025327,-6508.504788159396,2.5289,36.85341397421614,28,Brc1cnccc1CNCc1ccccn1,"[8, 15]",Brc1cnccc1CN1->[Ir]<-n2ccccc2C1,"['N([C])([C])', 'N([C])([C])']",1,uncond_bi-min10k-3773-trans,Center
2398,uncond_bi-min10k-2183,1,2456,0.113258,0.2820828516823294,-1207.652011438628,-0.597429999999999,37.68104408721948,25,CN(C)C1C=CC(=O)C1(N)C=N,"[9, 11]",CN(C)C1C=CC(=O)C12C=N->[Ir]<-N2,"['N([C])', 'N([C])']",1,uncond_bi-min10k-2183-trans,Center
5605,uncond_bi-min10k-6240,1,5709,0.161661,0.1635555458183602,-1214.886469702347,-1.051099999999998,42.55132898296993,31,CCCN1CCNCC1(N)CO,"[3, 6]",CCCN12->[Ir]<-N(CC1)CC2(N)CO,"['N([C])([C])', 'N([C])([C])([C])']",1,uncond_bi-min10k-6240-trans,High HOMO-LUMO gap (eV)
4255,uncond_bi-min10k-4415,1,4339,0.1680499999999999,0.1292710618095849,-988.427347881252,-0.3394999999999989,40.47429571860576,29,CCNCC(C)(N)C(C)N,"[2, 9]",CCN1->[Ir]<-NC(C)C(C)(N)C1,"['N([C])', 'N([C])([C])']",1,uncond_bi-min10k-4415-trans,High HOMO-LUMO gap (eV)
4948,uncond_bi-min10k-5320,1,5045,0.085919,0.2678630889243364,-1704.420125644252,1.7285,34.171574088811084,30,O=C(c1ccccn1)N1Cc2ccccc2C1O,"[0, 7]",OC1c2ccccc2CN1C1=O->[Ir]<-n2ccccc21,"['N([C])([C])', 'O([C])']",1,uncond_bi-min10k-5320-trans,Low HOMO-LUMO gap (eV)
3175,uncond_bi-min10k-3128,0,3251,0.112883,0.4199343901671594,-1855.858797740869,1.09304,42.94922807575999,27,CCN1CCSCC1(C=N)C=N,"[9, 11]",CCN1CCSCC12C=N->[Ir]<-N=C2,"['N([C])', 'N([C])']",1,uncond_bi-min10k-3128-cis,High metal center charge
4481,uncond_bi-min10k-4699,1,4569,0.1189089999999999,0.2515816156522372,-1480.303421350612,2.70772,38.60416998249245,30,Cc1c(O)cccc1NCc1ccccn1,"[8, 15]",Cc1c(O)cccc1N1->[Ir]<-n2ccccc2C1,"['N([C])([C])', 'N([C])([C])']",1,uncond_bi-min10k-4699-trans,Center
2201,uncond_bi-min10k-1948,1,2259,0.174128,0.199507338995846,-949.438868768131,0.0874999999999999,44.1827152634092,25,CONC(C)CN(C)C,"[2, 6]",CON1->[Ir]<-N(C)(C)CC1C,"['N([C])([C])([C])', 'N([O])([C])']",1,uncond_bi-min10k-1948-trans,High HOMO-LUMO gap (eV)
6794,uncond_bi-min10k-8974,0,6905,0.116198,0.3021291956778539,-1961.572584436529,3.5288000000000013,38.874741365589685,35,c1ccc(-c2cc(-c3cccc(-c4cc[nH]n4)n3)n[nH]2)cc1,"[16, 18]",c1ccc(-c2cc3n(->[Ir]<-n4[nH]ccc4-c4cccc-3n4)[nH]2)cc1,"['N([C])([N])', 'N([N])([C])']",1,uncond_bi-min10k-8974-cis,Center
5219,uncond_bi-min10k-5726,0,5319,0.137824,0.4703037561299688,-1330.633256171641,1.7033,44.11109342670699,31,CC(C)([N+](=O)[O-])C1(N)CCCCC1,"[3, 7]",CC1(C)C2(CCCCC2)N->[Ir]<-[N+]1(=O)[O-],"['N([C])', 'N([O])([O])([C])']",1,uncond_bi-min10k-5726-cis,High metal center charge
3706,uncond_bi-min10k-3783,0,3787,0.0959019999999999,0.3879962834110094,-1620.069283963982,2.6006,35.41301925831609,28,c1ccc(-c2nnccc2-c2cccnc2)nc1,"[5, 16]",c1cncc(-c2ccnn3->[Ir]<-n4ccccc4-c23)c1,"['N([C])([C])', 'N([N])([C])']",1,uncond_bi-min10k-3783-cis,High metal center charge
1794,uncond_bi-min10k-1528,1,1844,0.1167189999999999,0.2464690798853659,-1315.486258555144,0.9973,34.18749005252268,24,NCc1cnc(-c2ccccn2)cn1,"[0, 13]",c1ccc(-c2cn3->[Ir]<-NCc3cn2)nc1,"['N([C])', 'N([C])([C])']",1,uncond_bi-min10k-1528-trans,Center
2043,uncond_bi-min10k-1795,1,2100,0.122171,0.2250867083663629,-1283.434528567137,2.0724,41.03931243036766,25,c1ccc(CNc2ccccn2)nc1,"[5, 12]",c1ccc(N2->[Ir]<-n3ccccc3C2)nc1,"['N([C])([C])', 'N([C])([C])']",1,uncond_bi-min10k-1795-trans,Center
4597,uncond_bi-min10k-4861,0,4686,0.094177,0.4449611105593322,-3079.087349898567,2.805470000000001,40.20372433550852,30,CCOP(=O)(OCC)C1(Cl)C=NC=CC1=N,"[4, 15]",CCOP1(OCC)=O->[Ir]<-N=C2C=CN=CC21Cl,"['N([C])', 'O([P])']",1,uncond_bi-min10k-4861-cis,High metal center charge
6295,uncond_bi-min10k-7581,0,6402,0.167893,0.1084060217092012,-1300.683688813341,2.4846400000000006,38.22218685341397,33,Cc1cccc(NC(C)C(C)O)c1C,"[6, 11]",Cc1cccc(N2->[Ir]<-OC(C)C2C)c1C,"['N([C])([C])', 'O([C])']",1,uncond_bi-min10k-7581-cis,High HOMO-LUMO gap (eV)
5130,uncond_bi-min10k-5603,0,5229,0.124655,0.2915259398634413,-1182.431282995527,2.3147,41.38150565016712,31,CC(C)NC(C)(C)c1ccccn1,"[3, 12]",CC(C)N1->[Ir]<-n2ccccc2C1(C)C,"['N([C])([C])', 'N([C])([C])']",1,uncond_bi-min10k-5603-cis,Center
3769,uncond_bi-min10k-3845,0,3850,0.1105859999999999,0.3043395955322535,-1511.891753666049,2.7908000000000017,38.19831290784657,28,C=C(c1ccccn1)c1ncn2ccccc12,"[7, 9]",C=C1c2ccccn2->[Ir]<-n2cn3ccccc3c21,"['N([C])([C])', 'N([C])([C])']",1,uncond_bi-min10k-3845-cis,Center
5094,uncond_bi-min10k-5538,1,5193,0.0850099999999999,0.2451345439834864,-1888.680267689288,1.9343,39.98090084354608,31,O=C1N=C2C=CC=CC2NC1c1nc2ccccc2o1,"[9, 12]",O=C1N=C2C=CC=CC2N2->[Ir]<-n3c(oc4ccccc43)C12,"['N([C])([C])', 'N([C])([C])']",1,uncond_bi-min10k-5538-trans,Low HOMO-LUMO gap (eV)
6717,uncond_bi-min10k-8806,1,6826,0.0854059999999999,0.2856239133440292,-2653.284607457141,1.55122,34.12382619767627,34,Cc1cccc(S(=O)(=O)CNC(=O)c2ccccn2)c1,"[12, 18]",Cc1cccc(S(=O)(=O)CNC2=O->[Ir]<-n3ccccc32)c1,"['N([C])([C])', 'O([C])']",1,uncond_bi-min10k-8806-trans,Low HOMO-LUMO gap (eV)
144,uncond_bi-min10k-99,1,152,0.117553,0.2620569758962903,-964.004760026879,0.12488,43.03676587617381,16,CN=NC(C#N)=NNC,"[1, 6]",CNN1->[Ir]<-N(C)=NC=1C#N,"['N([C])([N])', 'N([N])([C])']",1,uncond_bi-min10k-99-trans,Center
6678,uncond_bi-min10k-8658,1,6786,0.122729,0.2432925397974092,-1627.348586409671,1.2604000000000002,37.39455674041064,34,NC1(c2ccccn2)CN(c2ccccc2)CN1,"[0, 7]",c1ccc(N2CNC3(C2)N->[Ir]<-n2ccccc23)cc1,"['N([C])', 'N([C])([C])']",1,uncond_bi-min10k-8658-trans,Center
449,uncond_bi-min10k-343,0,469,0.0766489999999999,0.1613641871278757,-2424.056657756817,0.3801000000000001,36.69425433710011,19,OC1CCN(C(=S)C=S)C1,"[6, 8]",OC1CCN(C2=S->[Ir]<-S=C2)C1,"['S([C])', 'S([C])']",1,uncond_bi-min10k-343-cis,Low HOMO-LUMO gap (eV)
3493,uncond_bi-min10k-3554,0,3574,0.124733,0.0321481658777389,-953.820885415771,1.4652,59.2312589527296,28,CC(C)=NCCNC(C)C,"[3, 6]",CC(C)=N1->[Ir]<-N(C(C)C)CC1,"['N([C])([C])', 'N([C])([C])']",1,uncond_bi-min10k-3554-cis,Low metal center charge
5928,uncond_bi-min10k-6849,1,6033,0.124228,0.2427568831729163,-2543.897498547206,1.8965000000000003,36.66242240967691,32,NC1(c2ccccn2)CN=C(c2cccc(Cl)c2)N1,"[0, 7]",Clc1cccc(C2=NCC3(N2)N->[Ir]<-n2ccccc23)c1,"['N([C])', 'N([C])([C])']",1,uncond_bi-min10k-6849-trans,Center
6982,uncond_bi-min10k-9413,0,7094,0.129264,0.2787142942627258,-1487.083009852336,3.618960000000002,39.09756485755213,35,Cc1cc(C)c(NCc2ccccn2)cc1C,"[6, 13]",Cc1cc(C)c(N2->[Ir]<-n3ccccc3C2)cc1C,"['N([C])([C])', 'N([C])([C])']",1,uncond_bi-min10k-9413-cis,Center
3153,uncond_bi-min10k-3096,1,3229,0.118841,0.4629952014426043,-1551.577263258409,3.403600000000002,34.2431959255133,27,c1ccc(-c2cc(-c3ccco3)ccn2)nc1,"[14, 15]",c1coc(-c2ccn3->[Ir]<-n4ccccc4-c3c2)c1,"['N([C])([C])', 'N([C])([C])']",1,uncond_bi-min10k-3096-trans,High metal center charge
2626,uncond_bi-min10k-2480,0,2688,0.128015,0.2454465111000132,-1845.616749219411,3.298300000000001,38.19831290784657,26,Ic1cccc(NCc2ccccn2)c1,"[6, 13]",Ic1cccc(N2->[Ir]<-n3ccccc3C2)c1,"['N([C])([C])', 'N([C])([C])']",1,uncond_bi-min10k-2480-cis,Center
42,uncond_bi-min10k-29,0,45,0.079874,0.32439098327242,-5973.406625374361,1.6565999999999996,33.789590959732614,13,O=Cc1cc(Br)ccn1,"[0, 8]",Brc1ccn2->[Ir]<-O=Cc2c1,"['N([C])([C])', 'O([C])']",1,uncond_bi-min10k-29-cis,Low HOMO-LUMO gap (eV)
6641,uncond_bi-min10k-8515,1,6749,0.084067,0.3256805115282935,-1519.129611814896,3.4338000000000024,36.22473340760783,34,CCCCn1ccnc1C=Nc1ccccc1,"[7, 10]",CCCCn1ccn2->[Ir]<-N(c3ccccc3)=Cc12,"['N([C])([C])', 'N([C])([C])']",1,uncond_bi-min10k-8515-trans,Low HOMO-LUMO gap (eV)
3004,uncond_bi-min10k-2932,0,3080,0.118591,0.232201737826564,-1401.706865763565,2.2428,42.68661467451854,27,Nc1ccccc1OCc1ccccn1,"[0, 14]",c1ccc2c(c1)N->[Ir]<-n1ccccc1CO2,"['N([C])', 'N([C])([C])']",1,uncond_bi-min10k-2932-cis,Center
2405,uncond_bi-min10k-2195,1,2463,0.07789,0.3370666268494906,-1209.695214230916,1.1637,34.816170619130986,26,CCN1CCN=C1c1ccccn1,"[5, 12]",CCN1CCN2->[Ir]<-n3ccccc3C=21,"['N([C])([C])', 'N([C])([C])']",1,uncond_bi-min10k-2195-trans,Low HOMO-LUMO gap (eV)
259,uncond_bi-min10k-179,0,275,0.1181479999999999,0.6135384379203982,-823.936931283673,1.09404,37.65717014165208,17,CC(C)=NC(=N)C=N,"[5, 7]",CC(C)=NC1=N->[Ir]<-N=C1,"['N([C])', 'N([C])']",1,uncond_bi-min10k-179-cis,High metal center charge
4839,uncond_bi-min10k-5191,1,4935,0.0797719999999999,0.341190619864636,-1514.318351631878,2.3484,34.736590800572976,30,c1ccc(N2CCN=C2c2ccccn2)cc1,"[7, 14]",c1ccc(N2CCN3->[Ir]<-n4ccccc4C=32)cc1,"['N([C])([C])', 'N([C])([C])']",1,uncond_bi-min10k-5191-trans,Low HOMO-LUMO gap (eV)
5790,uncond_bi-min10k-6557,1,5895,0.11482,0.2493109833099701,-1516.706463143238,2.3198,43.0765557854528,32,CN1c2ccccc2CNC1c1ccccn1,"[9, 16]",CN1c2ccccc2CN2->[Ir]<-n3ccccc3C12,"['N([C])([C])', 'N([C])([C])']",1,uncond_bi-min10k-6557-trans,Center
902,uncond_bi-min10k-709,1,929,0.157041,0.0820733820324225,-1590.495729270767,0.8047799999999999,41.66799299697597,21,CN(C)CCSCC#N,"[1, 5]",CN1(C)->[Ir]<-S(CC#N)CC1,"['N([C])([C])([C])', 'S([C])([C])']",1,uncond_bi-min10k-709-trans,Low metal center charge
2901,uncond_bi-min10k-2826,1,2973,0.125974,0.3011589757715462,-1652.059182000326,2.03046,42.77415247493236,27,N#CC(C#N)N(c1ccccn1)c1ccccn1,"[11, 17]",N#CC(C#N)N1c2ccccn2->[Ir]<-n2ccccc21,"['N([C])([C])', 'N([C])([C])']",1,uncond_bi-min10k-2826-trans,Center
4653,uncond_bi-min10k-4938,1,4744,0.118795,0.2390601718535936,-1730.750943611244,2.44168,38.06302721629795,30,N#Cc1nc2c(NCc3ccccn3)cccc2[nH]1,"[6, 13]",N#Cc1nc2c(N3->[Ir]<-n4ccccc4C3)cccc2[nH]1,"['N([C])([C])', 'N([C])([C])']",1,uncond_bi-min10k-4938-trans,Center
5429,uncond_bi-min10k-6018,0,5533,0.126135,0.2718407698352402,-1440.540877991422,2.1754999999999995,37.283144994429406,31,CCNC(c1cccnc1)c1ccccn1,"[2, 15]",CCN1->[Ir]<-n2ccccc2C1c1cccnc1,"['N([C])([C])', 'N([C])([C])']",1,uncond_bi-min10k-6018-cis,Center
6929,uncond_bi-min10k-9304,1,7040,0.124763,0.2727351935844471,-1337.071559246545,2.597600000000001,42.24892567244947,35,CN(C)C(C)(C)C=NCc1ccccc1,"[1, 7]",CC1(C)C=N(Cc2ccccc2)->[Ir]<-N1(C)C,"['N([C])([C])', 'N([C])([C])([C])']",1,uncond_bi-min10k-9304-trans,Center
6709,uncond_bi-min10k-8791,1,6818,0.081395,0.3341298390640171,-1777.299137909097,2.8297000000000008,35.086742002228235,34,c1ccc(N2CCN=C2c2nc3ccccc3[nH]2)cc1,"[7, 10]",c1ccc(N2CCN3->[Ir]<-n4c([nH]c5ccccc54)C=32)cc1,"['N([C])([C])', 'N([C])([C])']",1,uncond_bi-min10k-8791-trans,Low HOMO-LUMO gap (eV)
3656,uncond_bi-min10k-3741,0,3737,0.175914,0.1198787490097295,-1062.134796018501,-0.2695000000000001,35.20611173006525,28,NC1(N2CCCC2)CCNC1,"[0, 2]",C1CCN2(->[Ir]<-NC23CCNC3)C1,"['N([C])', 'N([C])([C])([C])']",1,uncond_bi-min10k-3741-cis,High HOMO-LUMO gap (eV)
74,uncond_bi-min10k-52,0,80,0.1478789999999999,0.0823962463427958,-861.325983765603,0.3694,31.09979309247175,14,Nc1ccncc1O,"[0, 7]",c1cc2c(cn1)O->[Ir]<-N2,"['N([C])', 'O([C])']",1,uncond_bi-min10k-52-cis,Low metal center charge
1021,uncond_bi-min10k-814,1,1049,0.118557,0.2434256001520701,-3075.727809098989,1.20559,39.08164889384052,22,[C]N1C(Cl)=C(Cl)NC1(N)c1ccccn1,"[0, 14]",NC12NC(Cl)=C(Cl)N1C=[Be]->[Ir]<-n1ccccc12,"['C_carb([N])', 'N([C])([C])']",1,uncond_bi-min10k-814-trans,Center
5876,uncond_bi-min10k-6761,1,5981,0.1188659999999999,0.2472326080629239,-1408.496647252739,3.256100000000001,38.24606079898138,32,CCc1cccc(NCc2ccccn2)c1,"[7, 14]",CCc1cccc(N2->[Ir]<-n3ccccc3C2)c1,"['N([C])([C])', 'N([C])([C])']",1,uncond_bi-min10k-6761-trans,Center
2996,uncond_bi-min10k-2925,0,3072,0.128883,0.2509649696221168,-1401.743794121365,1.2337000000000002,39.5193378959096,27,NC(O)(c1ccccc1)c1ccccn1,"[0, 14]",OC1(c2ccccc2)N->[Ir]<-n2ccccc21,"['N([C])', 'N([C])([C])']",1,uncond_bi-min10k-2925-cis,Center
2859,uncond_bi-min10k-2782,0,2929,0.158024,-0.0046173755767431,-3220.475636423919,4.383000000000002,41.95448034378482,27,CSc1ccccc1SC(C)OC(F)(F)F,"[1, 8]",CC(OC(F)(F)F)S1->[Ir]<-S(C)c2ccccc21,"['S([C])([C])', 'S([C])([C])']",1,uncond_bi-min10k-2782-cis,Low metal center charge
6510,uncond_bi-min10k-8124,1,6617,0.127098,0.2751734562336725,-1369.128988973866,2.1635,40.553875537163776,34,CC(C)N=CC(c1ccncc1)N(C)C,"[3, 12]",CC(C)N1->[Ir]<-N(C)(C)C(c2ccncc2)C=1,"['N([C])([C])', 'N([C])([C])([C])']",1,uncond_bi-min10k-8124-trans,Center
2340,uncond_bi-min10k-2103,1,2398,0.1388339999999999,0.5105844574060744,-1357.428502680325,1.2439000000000002,41.74757281553398,25,ONC1(c2ccccn2)CC=CC=N1,"[1, 8]",ON1->[Ir]<-n2ccccc2C12CC=CC=N2,"['N([C])([C])', 'N([O])([C])']",1,uncond_bi-min10k-2103-trans,High metal center charge
3272,uncond_bi-min10k-3258,1,3349,0.184144,0.1030936792225541,-1995.027268722487,1.0142,41.56453923285056,27,CN(C)CCN(C)CC(F)Cl,"[1, 5]",CN1(C)->[Ir]<-N(C)(CC(F)Cl)CC1,"['N([C])([C])([C])', 'N([C])([C])([C])']",1,uncond_bi-min10k-3258-trans,High HOMO-LUMO gap (eV)
1180,uncond_bi-min10k-946,1,1208,0.1162,0.2963697971687511,-1312.937903262557,1.46868,37.8242877606239,22,N#CCn1nccc1-c1ccccn1,"[3, 13]",N#CCn12->[Ir]<-n3ccccc3-c1ccn2,"['N([C])([C])', 'N([C])([C])([N])']",1,uncond_bi-min10k-946-trans,Center
923,uncond_bi-min10k-731,1,951,0.069128,0.382948862214765,-1442.993770479932,2.04904,35.91437211523158,21,N=Cc1cc2cccc(F)c2oc1=N,"[0, 13]",Fc1cccc2c1OC1=N->[Ir]<-N=CC1=C2,"['N([C])', 'N([C])']",1,uncond_bi-min10k-731-trans,Low HOMO-LUMO gap (eV)
4199,uncond_bi-min10k-4358,1,4283,0.117643,0.2502339289960068,-1925.041969767288,2.7887000000000013,42.90148018462518,29,Fc1ccc(CNCc2ccccn2)c(F)c1F,"[6, 13]",Fc1ccc(CN2->[Ir]<-n3ccccc3C2)c(F)c1F,"['N([C])([C])', 'N([C])([C])']",1,uncond_bi-min10k-4358-trans,Center
6956,uncond_bi-min10k-9363,1,7067,0.082949,0.2880446966777085,-1561.259378352112,3.2630000000000017,37.52188445010346,35,CC(=NC(=O)c1ccccn1)C1CCCCC1,"[4, 10]",CC(=NC1=O->[Ir]<-n2ccccc21)C1CCCCC1,"['N([C])([C])', 'O([C])']",1,uncond_bi-min10k-9363-trans,Low HOMO-LUMO gap (eV)
1713,uncond_bi-min10k-1440,1,1762,0.118723,0.2632296040807648,-1273.841472540694,-0.8905999999999992,38.14260703485596,24,NC1N=CNC1(N)c1ccccn1,"[6, 12]",NC1N=CNC12N->[Ir]<-n1ccccc12,"['N([C])', 'N([C])([C])']",1,uncond_bi-min10k-1440-trans,Center
307,uncond_bi-min10k-223,0,323,0.1116279999999999,0.2867608298428954,-1050.20261488063,1.4716999999999991,34.354607671494506,18,c1ccc(-c2c[nH]cn2)nc1,"[8, 9]",c1ccn2->[Ir]<-n3c[nH]cc3-c2c1,"['N([C])([C])', 'N([C])([C])']",1,uncond_bi-min10k-223-cis,Center
6602,uncond_bi-min10k-8378,1,6710,0.119834,0.3016596706422048,-1915.881241248835,2.743900000000001,45.88572338055069,34,FC(F)CN(Cc1ccccn1)Cc1ccccn1,"[11, 18]",FC(F)CN1Cc2ccccn2->[Ir]<-n2ccccc2C1,"['N([C])([C])', 'N([C])([C])']",1,uncond_bi-min10k-8378-trans,Center
2305,uncond_bi-min10k-2070,1,2363,0.122499,0.2412834563787509,-1025.245211739469,1.6297700000000002,34.75250676428458,25,CC1=C(C)CC(N)(C=N)C=C1,"[6, 8]",CC1=C(C)CC2(C=C1)C=N->[Ir]<-N2,"['N([C])', 'N([C])']",1,uncond_bi-min10k-2070-trans,Center
4944,uncond_bi-min10k-5310,1,5041,0.1205099999999999,0.3096182825216088,-1662.646293639645,1.5081999999999998,38.540506127646026,30,CCOC(=O)Cn1nccc1-c1ccccn1,"[6, 16]",CCOC(=O)Cn12->[Ir]<-n3ccccc3-c1ccn2,"['N([C])([C])', 'N([C])([C])([N])']",1,uncond_bi-min10k-5310-trans,Center
1994,uncond_bi-min10k-1751,0,2051,0.111191,0.5789715536588534,-1173.157322583582,1.50517,35.317523476046475,24,CN(C)OC(=N)c1ccccc1,"[1, 5]",CN1(C)->[Ir]<-N=C(c2ccccc2)O1,"['N([C])', 'N([C])([C])([O])']",1,uncond_bi-min10k-1751-cis,High metal center charge
5141,uncond_bi-min10k-5616,1,5240,0.1143799999999999,0.2259253549695033,-2080.107953664683,1.4815999999999996,42.60703485596053,31,C=C(C)N1C=CNC1(NP)c1ccccn1,"[9, 15]",C=C(C)N1C=CNC12NP->[Ir]<-n1ccccc12,"['N([C])([C])', 'P([N])']",1,uncond_bi-min10k-5616-trans,Center
1367,uncond_bi-min10k-1106,0,1402,0.161139,0.1943461921253892,-981.142604148443,0.4446999999999999,40.37084195448035,23,CN(C)CCn1cccn1,"[1, 9]",CN1(C)->[Ir]<-n2cccn2CC1,"['N([C])([C])([C])', 'N([C])([N])']",1,uncond_bi-min10k-1106-cis,High HOMO-LUMO gap (eV)
24,uncond_bi-min10k-16,1,27,0.093561,0.383910551058535,-634.853385812013,0.8417399999999999,35.93824606079899,12,C=C(C=N)C=N,"[3, 5]",C=C1C=N->[Ir]<-N=C1,"['N([C])', 'N([C])']",1,uncond_bi-min10k-16-trans,High metal center charge
4105,uncond_bi-min10k-4255,1,4188,0.125713,0.2975889332538182,-2266.357095213188,0.9257,38.02323730701895,29,NC12C=CC=CC1NC(=S)N2c1ccccn1,"[9, 16]",NC12C=CC=CC1NC1=S->[Ir]<-n3ccccc3N12,"['N([C])([C])', 'S([C])']",1,uncond_bi-min10k-4255-trans,Center
2512,uncond_bi-min10k-2346,1,2570,0.1441079999999999,0.0670232742588457,-2079.555039976983,2.3511000000000006,35.79500238739456,26,Nc1cccnc1SCc1cccnc1,"[0, 7]",c1cncc(CS2->[Ir]<-Nc3cccnc32)c1,"['N([C])', 'S([C])([C])']",1,uncond_bi-min10k-2346-trans,Low metal center charge
1980,uncond_bi-min10k-1731,0,2037,0.1446339999999999,0.0807054691296541,-1968.958062453106,2.8150000000000013,37.1637752665924,24,Nc1ncccc1Sc1ccccc1,"[0, 7]",c1ccc(S2->[Ir]<-Nc3ncccc32)cc1,"['N([C])', 'S([C])([C])']",1,uncond_bi-min10k-1731-cis,Low metal center charge
4965,uncond_bi-min10k-5352,1,5062,0.0959979999999999,0.4603971985720721,-1812.508159061913,2.0748,42.65478274709534,30,O=C(C=NN=Cc1ccccc1O)c1ccccn1,"[3, 18]",O=C1C=N(N=Cc2ccccc2O)->[Ir]<-n2ccccc21,"['N([C])([C])', 'N([C])([N])']",1,uncond_bi-min10k-5352-trans,High metal center charge
2019,uncond_bi-min10k-1771,1,2076,0.12735,0.2503433717905394,-1355.6456557142,-0.8053000000000006,36.41572497214706,24,O=C(CO)NNCc1ccccn1,"[5, 12]",O=C(CO)NN1->[Ir]<-n2ccccc2C1,"['N([C])([C])', 'N([N])([C])']",1,uncond_bi-min10k-1771-trans,Center
521,uncond_bi-min10k-401,1,541,0.116954,0.2504924747063919,-6884.610491099545,2.393590000000001,38.747413655896864,19,Brc1ccc(N2[C]SCC2)nc1,"[6, 10]",Brc1ccc2n(->[Ir]<-[Be]=C3SCCN32)c1,"['C_carb([S])([N])', 'N([C])([C])']",1,uncond_bi-min10k-401-trans,Center
3267,uncond_bi-min10k-3251,0,3344,0.158531,0.0654286219251048,-1897.600488750116,1.0778,39.91723698869967,27,NC1CNCC1Sc1ccccc1,"[0, 6]",c1ccc(S2->[Ir]<-NC3CNCC32)cc1,"['N([C])', 'S([C])([C])']",1,uncond_bi-min10k-3251-cis,Low metal center charge
1505,uncond_bi-min10k-1234,1,1547,0.127239,0.2954093134032741,-6319.354701488722,2.8299000000000003,39.39201018621677,23,Brc1ccnc(Cc2ccccn2)c1,"[4, 12]",Brc1ccn2->[Ir]<-n3ccccc3Cc2c1,"['N([C])([C])', 'N([C])([C])']",1,uncond_bi-min10k-1234-trans,Center
3438,uncond_bi-min10k-3489,0,3518,0.133541,0.0121768554101659,-9008.43574638389,2.9183000000000003,52.95241126850231,28,O=CSC(S)(CS)C(=O)n1cnc2cccc(Br)c21,"[2, 6]",O=CS1->[Ir]<-SCC1(S)C(=O)n1cnc2cccc(Br)c21,"['S([C])', 'S([C])([C])']",1,uncond_bi-min10k-3489-cis,Low metal center charge
57,uncond_bi-min10k-37,1,61,0.175318,0.2108830635440582,-785.513210359405,-1.056,37.7924558332007,14,ONCCNO,"[1, 4]",ON1->[Ir]<-N(O)CC1,"['N([O])([C])', 'N([O])([C])']",1,uncond_bi-min10k-37-trans,High HOMO-LUMO gap (eV)
4991,uncond_bi-min10k-5396,1,5088,0.116952,0.2483211990620783,-1514.306333298913,1.7164000000000004,39.04185898456152,30,NC1(c2ccccn2)CN=Cc2ccccc21,"[0, 7]",C1=NCC2(N->[Ir]<-n3ccccc32)c2ccccc21,"['N([C])', 'N([C])([C])']",1,uncond_bi-min10k-5396-trans,Center
6601,uncond_bi-min10k-8378,0,6709,0.1157779999999999,0.3045517861091039,-1915.877439025661,2.743900000000001,45.9573452172529,34,FC(F)CN(Cc1ccccn1)Cc1ccccn1,"[11, 18]",FC(F)CN1Cc2ccccn2->[Ir]<-n2ccccc2C1,"['N([C])([C])', 'N([C])([C])']",1,uncond_bi-min10k-8378-cis,Center
5490,uncond_bi-min10k-6075,1,5594,0.115049,0.2728966145827328,-1182.439742608054,2.3882000000000003,42.07385007162184,31,CNC(c1ccccn1)C(C)(C)C,"[1, 8]",CN1->[Ir]<-n2ccccc2C1C(C)(C)C,"['N([C])([C])', 'N([C])([C])']",1,uncond_bi-min10k-6075-trans,Center
5460,uncond_bi-min10k-6038,1,5564,0.1253329999999999,0.250266976770845,-1332.291966194146,2.467270000000001,35.00716218367022,31,N=CC1(N)C=CCC(c2ccccc2)C1,"[0, 3]",C1=CC2(C=N->[Ir]<-N2)CC(c2ccccc2)C1,"['N([C])', 'N([C])']",1,uncond_bi-min10k-6038-trans,Center
4319,uncond_bi-min10k-4496,1,4404,0.087948,0.4081565376377837,-1654.61109766314,3.560500000000001,37.94365748846093,29,Nc1nc(N=Nc2cccc3ccccc23)c[nH]1,"[2, 5]",Nc1[nH]cc2n1->[Ir]<-N(c1cccc3ccccc13)=N2,"['N([C])([C])', 'N([C])([N])']",1,uncond_bi-min10k-4496-trans,High metal center charge
5668,uncond_bi-min10k-6354,0,5772,0.124773,0.2718592590464158,-1699.106750233786,1.2067,37.39455674041064,32,CC(=O)NNC(c1cccnc1)c1ccccn1,"[4, 17]",CC(=O)NN1->[Ir]<-n2ccccc2C1c1cccnc1,"['N([C])([C])', 'N([N])([C])']",1,uncond_bi-min10k-6354-cis,Center
4206,uncond_bi-min10k-4370,1,4290,0.1832719999999999,0.1869584648450792,-1974.120231473418,1.7320399999999998,37.15581728473659,29,Cc1scc(C(NO)C(C)N)c1C,"[6, 10]",Cc1scc(C2C(C)N->[Ir]<-N2O)c1C,"['N([C])', 'N([O])([C])']",1,uncond_bi-min10k-4370-trans,High HOMO-LUMO gap (eV)
2851,uncond_bi-min10k-2769,0,2921,0.113231,0.3002782878888398,-1401.686253649668,1.60002,29.95384370523635,27,Cc1cc(=O)ncn1Cc1ccccc1,"[4, 5]",CC1=CC2=O->[Ir]<-N2=CN1Cc1ccccc1,"['N([C])([C])', 'O([C])']",1,uncond_bi-min10k-2769-cis,Center
6549,uncond_bi-min10k-8246,1,6656,0.126647,0.260147242035236,-1593.311823472654,1.5890699999999998,38.3654305268184,34,CC(C)(N)C1(C=N)CN=C(c2ccccc2)O1,"[3, 6]",CC1(C)N->[Ir]<-N=CC12CN=C(c1ccccc1)O2,"['N([C])', 'N([C])']",1,uncond_bi-min10k-8246-trans,Center
4380,uncond_bi-min10k-4562,0,4466,0.118167,0.2700883335980168,-3341.358804283451,2.3294,51.32898296991882,29,CC(C)(S)C1(S)N(O)POC1(C)C,"[3, 5]",CC1(C)OPN(O)C12S->[Ir]<-SC2(C)C,"['S([C])', 'S([C])']",1,uncond_bi-min10k-4562-cis,Center
3829,uncond_bi-min10k-3925,0,3910,0.122179,0.2861102216514962,-1560.248329840168,2.26657,40.21168231736432,28,N=CC1(Nc2ccccc2F)C=CC=NC1,"[0, 3]",Fc1ccccc1N1->[Ir]<-N=CC12C=CC=NC2,"['N([C])', 'N([C])([C])']",1,uncond_bi-min10k-3925-cis,Center
611,uncond_bi-min10k-478,0,632,0.116726,0.4043274217433358,-1335.311876655951,-0.7783000000000009,37.99140537959573,20,Nc1nnn(-c2cnccc2N)n1,"[4, 11]",Nc1nnn2(->[Ir]<-Nc3ccncc3-2)n1,"['N([C])', 'N([N])([N])([C])']",1,uncond_bi-min10k-478-cis,High metal center charge
2527,uncond_bi-min10k-2367,0,2585,0.137481,-0.159191829701826,-10670.099943158946,-1.0897999999999997,41.047270412223455,26,NC(CC(O)[SeH])[Se]c1ccccc1,"[5, 6]",NC1CC(O)[SeH]->[Ir]<-[Se]1c1ccccc1,"['Se([C])', 'Se([C])([C])']",1,uncond_bi-min10k-2367-cis,Low metal center charge
3542,uncond_bi-min10k-3596,1,3623,0.174111,0.1116803082714179,-953.985990778434,0.8657999999999999,36.885245901639344,28,CNC1CCCCC1(C)N,"[1, 9]",CN1->[Ir]<-NC2(C)CCCCC12,"['N([C])', 'N([C])([C])']",1,uncond_bi-min10k-3596-trans,High HOMO-LUMO gap (eV)
3643,uncond_bi-min10k-3711,1,3724,0.1139129999999999,0.2902547025525053,-1212.093900872032,1.15612,42.34442145471908,28,Cc1cccc(C=NC(C)CN)n1,"[7, 11]",Cc1cccc(C=N2->[Ir]<-NCC2C)n1,"['N([C])', 'N([C])([C])']",1,uncond_bi-min10k-3711-trans,Center
5416,uncond_bi-min10k-5995,1,5519,0.119624,0.2552801971157589,-1440.534833250772,2.1754999999999995,37.227439121438806,31,CCNC(c1ccncc1)c1ccccn1,"[2, 15]",CCN1->[Ir]<-n2ccccc2C1c1ccncc1,"['N([C])([C])', 'N([C])([C])']",1,uncond_bi-min10k-5995-trans,Center
865,uncond_bi-min10k-681,0,892,0.078689,0.159710651662095,-2502.158613987084,2.1033,36.6385484641095,21,S=CC(=S)NCc1ccccc1,"[0, 3]",C1=S->[Ir]<-S=C1NCc1ccccc1,"['S([C])', 'S([C])']",1,uncond_bi-min10k-681-cis,Low HOMO-LUMO gap (eV)
1855,uncond_bi-min10k-1602,1,1911,0.126798,0.3097425588795546,-6570.211023092852,1.8961,37.601464268661466,24,Brc1cnc2c(cnn2Cn2cccn2)c1,"[7, 14]",Brc1cnc2c(c1)cn1->[Ir]<-n3cccn3Cn21,"['N([C])([N])', 'N([C])([N])']",1,uncond_bi-min10k-1602-trans,Center
2078,uncond_bi-min10k-1830,0,2136,0.113412,0.2763670694610211,-1431.529570901709,1.33397,41.03931243036766,25,N=CCNCc1cccc([N+](=O)[O-])c1,"[0, 3]",O=[N+]([O-])c1cccc(CN2->[Ir]<-N=CC2)c1,"['N([C])', 'N([C])([C])']",1,uncond_bi-min10k-1830-cis,Center
4194,uncond_bi-min10k-4350,1,4278,0.093756,0.3848285780135762,-1438.170319654375,2.925720000000001,37.64125417794048,29,CC(=Nc1ncccc1C)c1ccccn1,"[2, 15]",CC1=N(c2ncccc2C)->[Ir]<-n2ccccc21,"['N([C])([C])', 'N([C])([C])']",1,uncond_bi-min10k-4350-trans,High metal center charge
3331,uncond_bi-min10k-3349,0,3411,0.138439,0.0234516527625328,-2991.855160334138,1.7551599999999998,51.88604169982493,28,N#CC1COCCSC=CSCC(C#N)O1,"[7, 10]",N#CC1COCCS2->[Ir]<-S(C=C2)CC(C#N)O1,"['S([C])([C])', 'S([C])([C])']",1,uncond_bi-min10k-3349-cis,Low metal center charge
5312,uncond_bi-min10k-5856,1,5413,0.0726019999999999,0.3643602792352766,-1597.946385490414,3.400500000000002,36.00190991564539,31,O=C1C(=Nc2ccccc2)C=CC12C=CC=CC2,"[0, 3]",C1=CCC2(C=C1)C=CC1=N(c3ccccc3)->[Ir]<-O=C12,"['N([C])([C])', 'O([C])']",1,uncond_bi-min10k-5856-trans,Low HOMO-LUMO gap (eV)
3119,uncond_bi-min10k-3051,0,3195,0.1757809999999999,0.1453579262533059,-985.998575038002,-0.4135999999999988,39.66258156931402,27,CCN1CCNC(C)(N)C1,"[2, 5]",CCN12->[Ir]<-N(CC1)C(C)(N)C2,"['N([C])([C])', 'N([C])([C])([C])']",1,uncond_bi-min10k-3051-cis,High HOMO-LUMO gap (eV)
3340,uncond_bi-min10k-3356,0,3420,0.173154,0.1325923592129984,-953.996100202241,0.707,39.49546395034219,28,CC1CC(N)C(C)(C)C1N,"[4, 9]",CC1CC2N->[Ir]<-NC1C2(C)C,"['N([C])', 'N([C])']",1,uncond_bi-min10k-3356-cis,High HOMO-LUMO gap (eV)
147,uncond_bi-min10k-103,0,155,0.077663,0.3391920675239412,-2271.192709789898,1.25419,48.2412860098679,16,S[C]C1=CC=CNC1S,"[1, 8]",SC1=[Be]->[Ir]<-SC2NC=CC=C12,"['C_carb([S])([C])', 'S([C])']",1,uncond_bi-min10k-103-cis,Low HOMO-LUMO gap (eV)
3746,uncond_bi-min10k-3821,0,3827,0.065335,0.1556872603490078,-2652.074544685558,0.2837000000000002,36.6385484641095,28,CCN1CC(=S)C(=S)NCC1(C)N,"[5, 7]",CCN1CC2=S->[Ir]<-S=C2NCC1(C)N,"['S([C])', 'S([C])']",1,uncond_bi-min10k-3821-cis,Low HOMO-LUMO gap (eV)
6763,uncond_bi-min10k-8912,1,6873,0.116162,0.2558639110641082,-1785.411974184343,2.870400000000001,39.32834633137036,35,CCOC(=O)c1ccccc1NCc1ccccn1,"[11, 18]",CCOC(=O)c1ccccc1N1->[Ir]<-n2ccccc2C1,"['N([C])([C])', 'N([C])([C])']",1,uncond_bi-min10k-8912-trans,Center
2844,uncond_bi-min10k-2764,1,2914,0.121147,0.2515141680125074,-2121.693983168077,1.9493,39.57504376890021,27,COC(N)(c1ccsc1)c1ccccn1,"[3, 14]",COC1(c2ccsc2)N->[Ir]<-n2ccccc21,"['N([C])', 'N([C])([C])']",1,uncond_bi-min10k-2764-trans,Center
6921,uncond_bi-min10k-9281,1,7032,0.124363,0.2565506631762839,-1669.464350568907,2.0614,39.002069075282506,35,CC(C)OC(N)(c1ccncc1)c1ccccn1,"[5, 17]",CC(C)OC1(c2ccncc2)N->[Ir]<-n2ccccc21,"['N([C])', 'N([C])([C])']",1,uncond_bi-min10k-9281-trans,Center
5499,uncond_bi-min10k-6092,1,5603,0.16215,0.1648750095857352,-1323.230713319001,-1.6411999999999969,41.2780518860417,31,CC(=O)NCCNC1NCCC1N,"[6, 12]",CC(=O)NCCN1->[Ir]<-NC2CCNC21,"['N([C])', 'N([C])([C])']",1,uncond_bi-min10k-6092-trans,High HOMO-LUMO gap (eV)
2924,uncond_bi-min10k-2849,0,2997,0.118684,0.3081059679615769,-1285.759523952069,2.2734200000000007,38.67579181919465,27,CCn1ncc(C)c1-c1ccccn1,"[2, 13]",CCn12->[Ir]<-n3ccccc3-c1c(C)cn2,"['N([C])([C])', 'N([C])([C])([N])']",1,uncond_bi-min10k-2849-cis,Center
1790,uncond_bi-min10k-1522,1,1840,0.1186359999999999,0.2337397269748375,-1207.21645882542,0.8762000000000002,36.56692662740729,24,NC1(c2ccccn2)C=CC=NC1,"[0, 7]",C1=CC2(CN=C1)N->[Ir]<-n1ccccc12,"['N([C])', 'N([C])([C])']",1,uncond_bi-min10k-1522-trans,Center
2450,uncond_bi-min10k-2260,0,2508,0.0937259999999999,0.4807448035519109,-1291.353547805563,1.494,43.48241286009868,26,COC(C)N=C=C1C=CCCC1=O,"[4, 12]",COC(C)N1->[Ir]<-O=C2CCC=CC2=C=1,"['N([C])([C])', 'O([C])']",1,uncond_bi-min10k-2260-cis,High metal center charge
3415,uncond_bi-min10k-3463,0,3495,0.111777,0.2983396056220931,-1710.316824395638,3.073400000000001,34.34664968963871,28,Fc1ccc(-n2cnc(-c3ccccn3)c2)cc1,"[7, 14]",Fc1ccc(-n2cc3n(->[Ir]<-n4ccccc4-3)c2)cc1,"['N([C])([C])', 'N([C])([C])']",1,uncond_bi-min10k-3463-cis,Center
4454,uncond_bi-min10k-4651,1,4541,0.122753,0.2390120148520067,-1438.192447810806,1.7094,36.56692662740729,29,NC1(c2ccccn2)CNc2ccccc21,"[0, 7]",c1ccc2c(c1)NCC21N->[Ir]<-n2ccccc21,"['N([C])', 'N([C])([C])']",1,uncond_bi-min10k-4651-trans,Center
3179,uncond_bi-min10k-3137,0,3255,0.173112,0.2222793557156953,-2119.319056067349,1.6302,38.14260703485596,27,CC(NO)C(NO)c1c(F)c(F)cc(F)c1F,"[2, 5]",CC1C(c2c(F)c(F)cc(F)c2F)N(O)->[Ir]<-N1O,"['N([C])([O])', 'N([O])([C])']",1,uncond_bi-min10k-3137-cis,High HOMO-LUMO gap (eV)
1995,uncond_bi-min10k-1751,1,2052,0.123486,0.3066689204294903,-1173.145906387599,1.50517,37.84816170619131,24,CN(C)OC(=N)c1ccccc1,"[1, 5]",CN1(C)->[Ir]<-N=C(c2ccccc2)O1,"['N([C])', 'N([C])([C])([O])']",1,uncond_bi-min10k-1751-trans,Center
1617,uncond_bi-min10k-1346,0,1664,0.167063,0.1448698684315152,-1269.808625215108,0.4080999999999997,40.633455355721786,23,FC1(F)NCC2CNCC1C2,"[3, 7]",FC1(F)C2CC3CN(->[Ir]<-N1C3)C2,"['N([C])([C])', 'N([C])([C])']",1,uncond_bi-min10k-1346-cis,High HOMO-LUMO gap (eV)
5555,uncond_bi-min10k-6165,1,5659,0.14746,-0.0001180408579875,-2160.486592693677,2.840390000000001,46.94413496737228,31,CCN1[C]N(Nc2ccccc2SC)C=C1,"[3, 12]",CCN1C=CN2Nc3ccccc3S(C)->[Ir]<-[Be]=C12,"['C_carb([N])([N])', 'S([C])([C])']",1,uncond_bi-min10k-6165-trans,Low metal center charge
2137,uncond_bi-min10k-1885,1,2195,0.1121519999999999,0.2340635879893409,-1283.458595453226,2.03422,38.32564061753939,25,Cc1ccnc(-c2ccccn2)c1N,"[11, 13]",Cc1ccnc2c1N->[Ir]<-n1ccccc1-2,"['N([C])', 'N([C])([C])']",1,uncond_bi-min10k-1885-trans,Center
4210,uncond_bi-min10k-4373,1,4294,0.095264,0.3986366361714311,-1553.99604087649,2.1179,40.092312589527296,29,O=CCN=C(c1ccccc1)c1ccccn1,"[3, 16]",O=CCN1->[Ir]<-n2ccccc2C=1c1ccccc1,"['N([C])([C])', 'N([C])([C])']",1,uncond_bi-min10k-4373-trans,High metal center charge
6823,uncond_bi-min10k-9024,0,6934,0.1255249999999999,0.2704721271207136,-1745.164934768424,2.7272000000000007,39.71828744230464,35,NC(c1ccccc1)(c1ccncc1)c1ccccn1,"[0, 19]",c1ccc(C2(c3ccncc3)N->[Ir]<-n3ccccc32)cc1,"['N([C])', 'N([C])([C])']",1,uncond_bi-min10k-9024-cis,Center
60,uncond_bi-min10k-40,0,64,0.1345029999999999,0.0649017865935186,-1357.214563114265,0.0098,38.83495145631069,14,CN(C)NC=S,"[1, 5]",CN1(C)->[Ir]<-S=CN1,"['N([C])([C])([N])', 'S([C])']",1,uncond_bi-min10k-40-cis,Low metal center charge
4111,uncond_bi-min10k-4264,1,4194,0.1170769999999999,0.2737287499630956,-1254.214953285151,0.8986000000000001,40.18780837179691,29,CC(C)(NCCO)c1ccccn1,"[3, 12]",CC1(C)c2ccccn2->[Ir]<-N1CCO,"['N([C])([C])', 'N([C])([C])']",1,uncond_bi-min10k-4264-trans,Center
6185,uncond_bi-min10k-7335,1,6291,0.118886,0.2580389793129109,-1442.929716865964,1.5925200000000004,40.37084195448035,33,Cc1ccc(C(N)(N)C2C=CC=CC2)nc1,"[6, 14]",Cc1ccc2n(->[Ir]<-NC2(N)C2C=CC=CC2)c1,"['N([C])', 'N([C])([C])']",1,uncond_bi-min10k-7335-trans,Center
5101,uncond_bi-min10k-5551,0,5200,0.1234889999999999,0.4400548108148487,-2319.581924115355,1.5177999999999998,44.09517746299538,31,O=CC(O)P(=O)(c1ccccc1)c1ccccc1,"[0, 5]",OC1C=O->[Ir]<-O=P1(c1ccccc1)c1ccccc1,"['O([C])', 'O([P])']",1,uncond_bi-min10k-5551-cis,High metal center charge
1951,uncond_bi-min10k-1702,1,2008,0.123754,0.2480359862051843,-949.122345992494,1.31957,35.04695209294923,24,CC1CCC=CC1(N)C=N,"[7, 9]",CC1CCC=CC12C=N->[Ir]<-N2,"['N([C])', 'N([C])']",1,uncond_bi-min10k-1702-trans,Center
4129,uncond_bi-min10k-4285,0,4212,0.1600279999999999,0.1722147973714619,-5946.583334549889,0.8275999999999997,49.05300015915964,29,COC(=O)C(N)CC[Se]C(C)C,"[5, 8]",COC(=O)C1CC[Se](C(C)C)->[Ir]<-N1,"['N([C])', 'Se([C])([C])']",1,uncond_bi-min10k-4285-cis,High HOMO-LUMO gap (eV)
1370,uncond_bi-min10k-1107,1,1405,0.157281,0.0262815375851833,-3388.29030026231,5.003300000000001,43.601782587935695,23,CC(F)(F)Sc1ccccc1SC(F)(F)F,"[4, 11]",CC(F)(F)S1->[Ir]<-S(C(F)(F)F)c2ccccc21,"['S([C])([C])', 'S([C])([C])']",1,uncond_bi-min10k-1107-trans,Low metal center charge
6505,uncond_bi-min10k-8108,1,6612,0.0759679999999999,0.368413146435523,-1676.521948087887,3.708920000000002,38.50867420022283,34,Cc1ccccc1N=C1C(=O)C=CC12C=CC=CC2,"[7, 10]",Cc1ccccc1N1->[Ir]<-O=C2C=CC3(C=CC=CC3)C=12,"['N([C])([C])', 'O([C])']",1,uncond_bi-min10k-8108-trans,Low HOMO-LUMO gap (eV)
1113,uncond_bi-min10k-889,1,1141,0.123886,0.3149222588545839,-1204.874752389781,1.4624,39.376094222505166,22,c1ccc(Cc2cnccn2)nc1,"[10, 11]",c1ccn2->[Ir]<-n3ccncc3Cc2c1,"['N([C])([C])', 'N([C])([C])']",1,uncond_bi-min10k-889-trans,Center
2097,uncond_bi-min10k-1845,1,2155,0.053014,0.0948319493067831,-3376.889692920873,3.424720000000001,36.17698551647303,25,CSC(=S)C(=S)Nc1ccc(C)cc1,"[3, 5]",CSC1=S->[Ir]<-S=C1Nc1ccc(C)cc1,"['S([C])', 'S([C])']",1,uncond_bi-min10k-1845-trans,Low HOMO-LUMO gap (eV)
6970,uncond_bi-min10k-9381,0,7081,0.116176,0.2874438189522,-1885.999250159219,-0.3182999999999995,38.4052204360974,35,NC1(c2ccccc2)NC(=O)C(N)(c2ccccn2)N1,"[12, 18]",NC1(c2ccccc2)NC(=O)C2(N1)N->[Ir]<-n1ccccc12,"['N([C])', 'N([C])([C])']",1,uncond_bi-min10k-9381-cis,Center
6288,uncond_bi-min10k-7553,1,6395,0.113804,0.3117142139524281,-1999.13397084904,2.901600000000001,38.17443896227916,33,O=[N+]([O-])c1cccc(Cn2nccc2-c2ccccn2)c1,"[9, 19]",O=[N+]([O-])c1cccc(Cn23->[Ir]<-n4ccccc4-c2ccn3)c1,"['N([C])([C])', 'N([C])([C])([N])']",1,uncond_bi-min10k-7553-trans,Center
1863,uncond_bi-min10k-1613,1,1919,0.144754,0.0858917988619869,-1968.941171498968,2.8150000000000013,38.26993474454879,24,Nc1cccnc1Sc1ccccc1,"[0, 7]",c1ccc(S2->[Ir]<-Nc3cccnc32)cc1,"['N([C])', 'S([C])([C])']",1,uncond_bi-min10k-1613-trans,Low metal center charge
1559,uncond_bi-min10k-1294,1,1605,0.164306,0.2013929027157423,-2545.315353095318,1.58532,38.06302721629795,23,Cc1ccc([S+]([O-])C=C[SH2+])cc1,"[5, 9]",Cc1ccc([S+]2([O-])->[Ir]<-[SH2+]C=C2)cc1,"['S([C])', 'S([C])([O])([C])']",1,uncond_bi-min10k-1294-trans,High HOMO-LUMO gap (eV)
6365,uncond_bi-min10k-7757,1,6472,0.116148,0.252923724400949,-1782.949480019187,2.1973000000000003,43.27550533184784,33,c1ccc(C2Cc3cc4c(cc3CN2)OCO4)nc1,"[13, 17]",c1ccn2->[Ir]<-N3Cc4cc5c(cc4CC3c2c1)OCO5,"['N([C])([C])', 'N([C])([C])']",1,uncond_bi-min10k-7757-trans,Center
5608,uncond_bi-min10k-6244,0,5712,0.1719029999999999,0.1359151522299064,-1140.680877452214,-0.157099999999999,37.64921215979628,31,C=C(C)CNC1(CN)CCNC1,"[4, 7]",C=C(C)CN1->[Ir]<-NCC12CCNC2,"['N([C])', 'N([C])([C])']",1,uncond_bi-min10k-6244-cis,High HOMO-LUMO gap (eV)
3789,uncond_bi-min10k-3871,0,3870,0.1237909999999999,0.2765312297334527,-1212.051292670864,1.0053,38.67579181919465,28,CCN1CNCC1c1ccccn1,"[2, 12]",CCN12->[Ir]<-n3ccccc3C1CNC2,"['N([C])([C])', 'N([C])([C])([C])']",1,uncond_bi-min10k-3871-cis,Center
1179,uncond_bi-min10k-946,0,1207,0.119258,0.3044742785183563,-1312.934118352539,1.46868,38.46888429094381,22,N#CCn1nccc1-c1ccccn1,"[3, 13]",N#CCn12->[Ir]<-n3ccccc3-c1ccn2,"['N([C])([C])', 'N([C])([C])([N])']",1,uncond_bi-min10k-946-cis,Center
4148,uncond_bi-min10k-4314,1,4231,0.093333,0.492308649105651,-1438.106814884587,3.6739200000000025,37.52984243195925,29,Cc1cccnc1N=NCc1ccccc1,"[5, 8]",Cc1cccn2->[Ir]<-N(Cc3ccccc3)=Nc12,"['N([C])([C])', 'N([C])([N])']",1,uncond_bi-min10k-4314-trans,High metal center charge
6492,uncond_bi-min10k-8084,1,6599,0.119591,0.2477741513792652,-1369.222555509268,1.6414,36.98074168390896,34,CN1CC(C)(C)CNC1c1ccccn1,"[7, 14]",CN1CC(C)(C)CN2->[Ir]<-n3ccccc3C12,"['N([C])([C])', 'N([C])([C])']",1,uncond_bi-min10k-8084-trans,Center
5244,uncond_bi-min10k-5756,1,5345,0.120197,0.2607607758678272,-1440.456613373088,1.93457,34.99124621995862,31,N=CC1(N)C=CC(=NCc2ccccc2)C1,"[0, 3]",C1=CC2(C=N->[Ir]<-N2)CC1=NCc1ccccc1,"['N([C])', 'N([C])']",1,uncond_bi-min10k-5756-trans,Center
3338,uncond_bi-min10k-3355,0,3418,0.180703,0.1290853793157814,-953.898598352861,0.6437999999999997,38.44501034537642,28,CCN1CCN(CC)CC1,"[2, 5]",CCN12->[Ir]<-N(CC)(CC1)CC2,"['N([C])([C])([C])', 'N([C])([C])([C])']",1,uncond_bi-min10k-3355-cis,High HOMO-LUMO gap (eV)
6029,uncond_bi-min10k-7030,0,6134,0.146195,0.048359276766191,-2848.332535842944,3.777560000000003,50.787840203724336,32,N#CC1CCCCSC=CSCC(C#N)C1,"[7, 10]",N#CC1CCCCS2->[Ir]<-S(C=C2)CC(C#N)C1,"['S([C])([C])', 'S([C])([C])']",1,uncond_bi-min10k-7030-cis,Low metal center charge
6833,uncond_bi-min10k-9049,0,6944,0.117865,0.498191225309522,-2406.895466930948,3.611900000000001,46.84068120324686,35,Nc1ccncc1Nc1ccccc1-n1cc(C(F)(F)F)cn1,"[0, 7]",FC(F)(F)c1cnn(-c2ccccc2N2->[Ir]<-Nc3ccncc32)c1,"['N([C])', 'N([C])([C])']",1,uncond_bi-min10k-9049-cis,High metal center charge
1933,uncond_bi-min10k-1675,1,1990,0.124764,0.2734292770620451,-1207.31840389249,1.4059,38.32564061753939,24,Cn1ccnc1Cc1ccccn1,"[4, 12]",Cn1ccn2->[Ir]<-n3ccccc3Cc12,"['N([C])([C])', 'N([C])([C])']",1,uncond_bi-min10k-1675-trans,Center
1343,uncond_bi-min10k-1088,0,1378,0.146317,-0.0123017714556692,-3372.957611635844,0.2203999999999999,42.63090880152793,23,CNC(=O)CSC(S)(C=O)CS,"[5, 11]",CNC(=O)CS1->[Ir]<-SCC1(S)C=O,"['S([C])', 'S([C])([C])']",1,uncond_bi-min10k-1088-cis,Low metal center charge
1147,uncond_bi-min10k-919,0,1175,0.125989,0.2453573451431498,-1204.81773877765,2.2202,35.00716218367022,22,c1ccc(Nc2ccncc2)nc1,"[4, 11]",c1ccn2->[Ir]<-N(c3ccncc3)c2c1,"['N([C])([C])', 'N([C])([C])']",1,uncond_bi-min10k-919-cis,Center
4922,uncond_bi-min10k-5284,1,5019,0.118385,0.2698702036807391,-1514.325277017798,2.4955,36.614674518542095,30,C1=NC(c2ccccn2)C(c2ccccc2)N1,"[1, 8]",C1=N2->[Ir]<-n3ccccc3C2C(c2ccccc2)N1,"['N([C])([C])', 'N([C])([C])']",1,uncond_bi-min10k-5284-trans,Center
2988,uncond_bi-min10k-2912,0,3062,0.150455,0.0176059007623042,-2733.456192003973,2.8747000000000016,45.53557217889544,27,CCCSc1cccnc1SCC=O,"[3, 10]",CCCS1->[Ir]<-S(CC=O)c2ncccc21,"['S([C])([C])', 'S([C])([C])']",1,uncond_bi-min10k-2912-cis,Low metal center charge
6883,uncond_bi-min10k-9185,0,6994,0.1189399999999999,0.2643563213758531,-1853.406868536879,2.2646000000000006,37.37864077669902,35,NC1(c2cc3ccccc3cn2)CN=Cc2cnccc21,"[0, 11]",C1=NCC2(N->[Ir]<-n3cc4ccccc4cc32)c2ccncc21,"['N([C])', 'N([C])([C])']",1,uncond_bi-min10k-9185-cis,Center
7060,uncond_bi-min10k-9559,0,7172,0.127928,0.2414001381957217,-2207.038308586454,3.092240000000001,41.874900525226806,35,Cc1cc(C)c(CNCCc2ccccn2)s1,"[7, 15]",Cc1cc(C)c(CN2->[Ir]<-n3ccccc3CC2)s1,"['N([C])([C])', 'N([C])([C])']",1,uncond_bi-min10k-9559-cis,Center
4433,uncond_bi-min10k-4626,1,4520,0.0935319999999999,0.3848392376904875,-1736.47572284514,1.7938999999999998,37.474136558968645,29,O=C(O)c1ccc(CN=Cc2ccccn2)cn1,"[8, 15]",O=C(O)c1ccc(CN2->[Ir]<-n3ccccc3C=2)cn1,"['N([C])([C])', 'N([C])([C])']",1,uncond_bi-min10k-4626-trans,High metal center charge
6876,uncond_bi-min10k-9156,1,6987,0.125867,0.2352887797032819,-1835.370467653965,4.547000000000003,39.20101862167754,35,CC(Nc1ccc2cccc(F)c2c1)c1ccccn1,"[2, 19]",CC1c2ccccn2->[Ir]<-N1c1ccc2cccc(F)c2c1,"['N([C])([C])', 'N([C])([C])']",1,uncond_bi-min10k-9156-trans,Center
2799,uncond_bi-min10k-2700,0,2867,0.11925,0.2644063288372845,-1467.733102575009,2.2624000000000004,40.40267388190355,26,c1ccc(-n2cncc2-c2ncc[nH]2)cc1,"[4, 10]",c1ccc(-n23->[Ir]<-n4cc[nH]c4-c2cnc3)cc1,"['N([C])([C])', 'N([C])([C])([C])']",1,uncond_bi-min10k-2700-cis,Center
5419,uncond_bi-min10k-5997,1,5523,0.109543,0.2972710798313031,-1888.852929432655,2.6325000000000003,34.481935381187334,31,O=C(O)c1ccccc1-n1cnc(-c2ccccn2)c1,"[11, 18]",O=C(O)c1ccccc1-n1cc2n(->[Ir]<-n3ccccc3-2)c1,"['N([C])([C])', 'N([C])([C])']",1,uncond_bi-min10k-5997-trans,Center
